type,id 
domain,ewbd-defender.pro 
domain,d9ok3canaffc739dce0g.ewbd-defender.pro 
ip_address,172.67.202.210 
ip_address,104.21.69.19 
domain,vellypizzas.com 
domain,d9ufcmqnaffc73824nsg.ewbd-defender.pro 
domain,static.lumi.new 
domain,analytics.lumi.new 
domain,halte-nice.world 
domain,lehenna.com 
domain,portfolio-4p788k.cloudflare.app 
domain,www.amagohub.com.br 
domain,www.mawartotopq.site 
domain,dariyav.com 
domain,69wim.vu 
domain,www.search.travel2air.com 
domain,www.xn--mntoz4d-jya.net 
domain,xn--mntoz4d-jya.net 
domain,www.casino8888.buzz 
domain,mobilroots.org 
domain,mvmgroup.cn 
domain,bloomandblossomla.com 
domain,zenkae.com 
domain,grac.most-casinos-bet.ink 
file,00f63df0e4d60be5e791044e3973bb49b6fc7ec86d0e6251cca347123a9ad46d 
file,01d10039cf0080b153ae9d243128f9981649353197765d049e478b7f43061451 
file,031135216ccb96bb2144e3628885269ba49d3e1884b063479bc857e1b511a287 
file,03d32284dd03a1938b37c9b4abd397cfc80fd5b92878d7ee5815f35d2d4ed740 
file,0b9b7be00d633d4543b02af060c6378232dc91c8b9c07c16f600ad31034e2186 
file,0c6aab2bbc4c6c14ad22d4526fdb0091ccc14159495ebcf510291d795122497a 
file,0d00dfee943b5478349d85858d26bce25daaf0d4c30cc3e3d1a9bd973719002b 
file,0d8d90b3c3247d170d1f27aafd1044522f07912513218d4071f9a8e64f640097 
file,0e25998a4b311f8a62c7fd0e5ae910d69245b71730afb8d0243566188e2addba 
file,15b0988149da49990b8c7fd0251d679344972d71a13527d9febc075fc80a4da5 
file,17b612445ef80e3d4810716f6c4857452f58d9a5bdb2f5f8325ca87cd6d550a1 
file,1ab1a6b90c98606ecef12e569cbd3f456c80212ad1f71b2d41ac4fbdfbdabb14 
file,1b54982965842926626f931bf969f37b6480aa4c0e28b41f60463df75b2e7f6e 
file,1ea19773e12d795491eb19a83fc4319447ac00b5c61766f03450032de8a824cb 
file,24558170be219be87349d749fd194fd8470bc1c7e3e6d4be54f4c90590065904 
file,25018da49ac1263add247a06de2b2dbdf5a6b8d77cfb66c62615ff4b003eafd6 
file,2a149080ac5d02de7e7c075fe41f001c5843565f0c74f40c89d42119a6c28caf 
file,2b5c23c0daab9bc345401bbdacc821d3cd1ebacb1a2f051bde3da6f8c5f8d36b 
file,2d08e1ba55017912069f19f9b58cee0a76e4c8e306ca1f01027170b32ce064f5 
file,2e79fcf5610ecc51e85930c6c94aaaf71c10c1e1bb9e15a0b1f92d0e219d7f1c 
file,2b7df4ba438ae48f6d13ea350b8fd12a5d7f975979c61fa38d22d4dcb9c71374 
file,2eaf4e4f4a1cd52e9d9eb4a09dd7566dd5258fca30d0136d0f06368abb586440 
file,35dd7273912b1f3da09aafa392057bf12cab942c3c192d3240a6c4574bf9e420 
file,374124109854460fbb60bbe042efda12e1fb112a24f063285a11a8e810d56c7f 
domain,www.anbasa.com 
domain,www.fluicrm.com.br 
domain,zeus800h.online 
domain,11220026.xyz 
domain,www.temaseknexon.net 
domain,agentgo.asia 
domain,www.agentgo.asia 
domain,m.travel2air.com 
domain,napxugiangon.store 
domain,arrearova.com 
domain,n85.buzz 
domain,jeboltogelg.com 
domain,lumi.new 
domain,cucumberchik.store 
domain,ductcleaning.taosawgrass.com 
domain,www.tk07s.net 
domain,bylaws.taosawgrass.com 
domain,volunova.space 
domain,taaktik.site 
domain,364brz.com 
file,38db68213be2a0f0c8a4cd92203f67489ecd2959bbfb7628769183f5ce27bb9e 
file,3dabe93b17361fdd8e3ac49c15aaea0cd8a5dd7ab9e445009dc9da287430b5f3 
file,3ed3b616a27e6d9758c0828d76b49e989f9c0b92c1b1f8c3b5899b8524747d5d 
file,47d5e9a72184880fdba22ef662d556d339760a488bcf90caf81c72a4fa9c8383 
file,4a030c1e8be4a25dc40ffe17741fece8cc9b68db47b179bc5d3c4728d38e8ffd 
file,4c369551f8551ad4f58359cfc51abe82084aeed969921c28027fadc32ba2c65c 
file,4d34b942e2a7c58790d6030297b691e2164b64aa1c331c78cba3768cbe946b25 
file,4da4f29ff412210f097ec6a76a01345fd033bbd06dc6844714c8d281cc6892e3 
file,4e5af155e65842ba64ddc2b826939e1e2038dbd86cdec8244a0786801595c8e3 
file,4ef044cfc60c1e3c986484d416bcf0c40b8b174d27ae58c42fbbc4cdf79d2d36 
file,4f03c43b9244683cf65eda7b3ea8dbe7bef4abbcfdf871fc6cadfce03cdd1f5f 
file,52a41b7e5956210b744afac1e0cebb44da1a2beadc4104f882e566be5334a618 
file,562a6a7b15686af027d759ca7bcfd6c7ec55d911509216b19d2b9537b18aaef8 
file,56a10deb7fbeeaedc2bd2ca3587933ec5484d0a2467a1297d2a8d9ce932cb8af 
file,58cbdc2384da7ac58160aa9c04600aa2a31cc60b7177c63577bf8a1b098caa0a 
file,5a299c1d514b4705e39d5f1a9f54b3251981114a0efdd7028b799bd25925cf08 
file,5ab8767db1bf14c77d2721e13fc8670ab42d403914e84e0453027ea67ba85554 
file,5d3b659083c84d2eae1575d68580dcf289473e14e00fdf87f15793c6b49c7f08 
file,641dd7def803a4774cbb23317d83400003792daa5389b2b101697b3b825c2ca4 
file,670ce04002b4026ab6b6d0704d7c416eced65141fab7650075ab8ae6dbc18fcb 
domain,ea88-ok.club 
domain,77menang.win 
domain,wk24hr.com 
domain,lxecktsq.xyz 
domain,tk07s.net 
domain,uat.travel2air.com 
domain,whenevr.co 
domain,vulkanvegas101.pl 
domain,inspiredluxuries.com 
domain,studio.yui.gift 
domain,gamingvrtex.com 
domain,mota.capital 
domain,artuka.com.br 
domain,kicaubet.pro 
domain,slotdepo5kqris.site 
domain,grammnote.site 
domain,nat88.best 
domain,loadstri.ng 
domain,api.kibanda.cc 
domain,casinosnuevosonline.es 
file,6ab42dc8eed989bab595d2a3b02de871f9f26c9f940ac87daf0843894fdf5e98 
file,6f9b9fc38909c8874f962f539090fea1814d6d468de073c55c8d3faf64dc603e 
file,715a0262c4f974e5909a417ea999a97a15861fd4c9b6abbfea320a8b9acb20f4 
file,72ec31678a076e88fae0fda7f451403901072ff46ec938e1f971926c6efe30f7 
file,74f6fe2b43a97d375468fb35e21dc19f92bd6d3914320fa07e01c6920e83df61 
file,79338575ca63aa1c507a5ebf539b46b3b31cbb83bc3392c7f502c4ffe1d8a4b3 
file,7b9773f813a77482cfdaf8d96c52603e6ca1f2eae1c38a8198f68c1e6c2efc88 
file,808543217f0aac497b3fb5ad394ad58d114705d6b1edede1f1b9712953668bf6 
file,820dec74e800a8c26b1ec6e5024ea4bcc7e3a03637abe39b45aad8dcd4c06d86 
file,846c09d5208714173cd3a65aa06420eb931682d6d1478774abc2e51b1f1d3099 
file,8503b13b5d06a0957787094a2af9847402d43b50872a62a112acb573eb739a36 
file,8773254dc4987c3ba2f63a530bffded2692bffc43ab4a2aa170ddd8c1453768c 
file,8942f02d1114ddfea4ba9983a0fd352bf778bac36154db99b4021ee66abdb276 
file,8b0cf1071118196fc9f8bc82de44ae22ce4eaab7050e82a5f3cc670cd4c9697b 
file,9706b826a179e2719bff5bfa28a44eaa46910f216e35a973f9b6de46f8100375 
file,9757b6ac18ff4d3e291976737d0b6866a0d8eb960c44ef02d1d854430b07c9a3 
file,978d3653d028dd30ce3b4105331a07cd8e41c64915d6d4214a51132913c67f96 
file,9caf354d8e00cd058ed4e4ed93c278d8e0f50b69c39af3837c76be6ca019f1c2 
file,9ee5a263caa6af79ef31e93c83dee46deec68590a9eb69875d2574dff272f9a0 
file,a105c0b7830b3fbc8aa26395917cb498e7735efc95385d8fc2a61a3c4d644798 
file,a3d0d31ef62340f34b7bf472bccce46533a6d831e6707baa3cbb2afc5583a8a4 
file,a42cf97e5ac58f193b62a924fb1b8f445c4d883c2df2070a7703739ef8f9a121 
file,a8a7ad7ef55cf1f3b8e69d6acdf1a649f4f93eafde94e7ac93d806a7ec4239d7 
file,adb69a3f9251faa704a40de7151bc4fad3b9255cd7f15e372d043c1c97e039ee 
file,afb4457a3fb75ecf72b50db11da5ff8f85d70af359b98de7a9c8d8b7062ccf0a 
file,b47d6f3ee8c1dd3337b517044a68c588666d5583e6f4aaaede3fc9101d9a7496 
file,b526cec25cdd7f0e5f2e2c0ac96d97d058325f937aaa16a9c7a03222aec3ed5f 
file,b756f04d1cd713bb11d5ae1032f8e8580d7cb11ad9e58f0219c9a9fb02c20d42 
file,b7576b2a59b1091ea9dda5658f8ef9e4dba677782b85c75288787a2043d2035a 
file,b928c9259968ce080afa5be75add9916a3fc00f22b48c3488b47766d47f84b5e 
file,bd8ce0dca8866b4d42872e642427c4b95fcd8a911fc44d1f1ba873ef7f357fa3 
file,c03d392887ab2c5f6a176b8a7631058e79c3992c77841b2fbcd8fcde70450230 
file,c082200c658d74ede8099f099b7a51a3d8f1b0a67db1610c9ae6e925c1e0538e 
file,c0970dd2777e3585a4b6b3c70a5552cacebaa53243cd1385420b430b31258711 
file,c0982dad3adb20788df396a36b58a9641ae862a0d16c0b65ea5ac331d7a4a0e3 
file,c3cb7c7b4a5e3bddc649d487e4758f61c3b5040331edc7c5232bd734b7fb9eaf 
file,c459a254a3e49b2582256ed42d577bce719b46390ffb71336ddb2ba40165f782 
file,cbccb016e467810fbabea41a4b3eebc731c5dbbeebd2e355b7cee96598d3950d 
file,cbef3be1a83ee11c4811bde28a1f5417f88c99bc2721f6b67b56d075fd627fbb 
file,d17836bd190d0f89bff85a3c526fbaf2363b9e0e5897bef14d10e757bb9b0749 
domain,7day.hajioke.com 
domain,gbacentral.eu 
domain,pr-32-preview.khetem.com 
domain,incluseframe.digital 
domain,www.yogawithtansy.com 
domain,bablahnexo.click 
domain,yogawithtansy.com 
domain,efukan.jp 
domain,pubgtotomobilesitus.website 
domain,pop.nigerianeyenewspaper.com 
domain,ftp.nigerianeyenewspaper.com 
domain,smtp.nigerianeyenewspaper.com 
domain,mail.nigerianeyenewspaper.com 
domain,www.taosawgrass.com 
domain,www.gshwd.link 
domain,www.swedentransdating.com 
domain,wintocasino.de 
domain,illuminatedmirror.co.uk 
domain,zaoaminloveboonkyou.ccwu.cc 
domain,unheadbots.click 
file,d3dced49871a4405c35a601ffe819e3442406902dfc404992870e04d2f943cb1 
file,d5c78b62b3a63008127a31fdb356bcc8fc8a301c660708467525660d802d32ee 
file,d8f64bec6ef4ac80736d324be75fbb2bcfb7fdc6e43f43417d537cd04cbd5259 
file,dad73038301e225fbff1f1b5a04d8730f59d996cac77e1bc9261dc8695a2acb6 
file,dc1337a4d0ae91809fe780dd2ee41caacbd60ffa5436a83f9dc90552c4a2f0c1 
file,de124f8435cf8a57f070b63297f550ae2354424e34b7ea64f9881601bc360516 
file,de3b4fc11ec48059432bfccd33fa79398658d9c44b1d97369e70579ec9703aed 
file,e617f8a15cd4df4e47477db3fd289d419c09375d1765e64b627ccc7075be8c7f 
file,e6a2d91b580dd5ee07517de09ee8729d570ece9baa1f93ab0ea450851e307a63 
file,edfa821f9680b46893e29e0bb7859c4dcabe387745312b6cfc2f39c4f64e1b5c 
file,f3284a8fdc4aded07207922b7774e5461036105c79488cf956b5ad06268f4979 
file,f3f3ded352dd34c071c119970fd9b90f09e3b8f651cb1cec2931ec6a253be08f 
file,f5a9036e36c951db43d3edd9c1b14eb5867482e9996097fe89d24a1edd42d6fc 
file,f8eb90773b81cc4f9b836b598576dc0cc07ec2752a89d8b2a962214ea8e9cfca 
file,fbd3b439c459154a3a327c5d70136487f459315e47bff28cd55a0960de2f016d 
domain,8u7g3f.shop 
domain,www.bestmarketsdev.xyz 
domain,bestmarketsdev.xyz 
domain,admin.bestmarketsdev.xyz 
domain,market.bestmarketsdev.xyz 
domain,api.bestmarketsdev.xyz 
domain,nbhengxing.net 
domain,hbhuiya.com 
domain,ultimateblackjackplus.com 
domain,inmobiliariapilato.com.ar 
domain,portugalvisto.com 
domain,www.portugalvisto.com 
domain,m.zhongbotiyu.com.cn 
domain,www.zhongbotiyu.com.cn 
domain,zhongbotiyu.com.cn 
domain,svpolc.cfd 
domain,7270ghiradelli.com 
domain,www.jjgold.com 
domain,oinggs.com 
domain,menu.unqupdates.com 
domain,quotemachine.app 
domain,media.repliquelgs.com 
domain,shiomachi.jp 
domain,socadieux.ca 
domain,2igllj.shop 
domain,hd-fs.com.tw 
domain,app.hd-fs.com.tw 
domain,www.juneeveroutbound.info 
domain,www.99xc8i0.dfadjj.com 
domain,99xc8i0.dfadjj.com 
domain,www.muraripandit.com.np 
domain,www.compuorbit.fr 
domain,h3btz6.abqaoje.xyz 
domain,www.pass-egypt.xyz 
domain,marketingnowfl.co 
domain,card.hot-loan.com 
domain,prime-signal.watch 
domain,payday.hot-loan.com 
domain,offer.hot-loan.com